TimeStamp (ms), Total Power (W), CPU (W), Monitor (W), Disk (W), Base (W), Application (W)
63787047835912,24.9,10.0,-0.1,0.0,15.0,8.3
63787047837099,27.4,12.5,-0.1,0.0,15.0,11.0
63787047838286,29.1,14.2,-0.1,0.0,15.0,11.9
63787047839474,30.1,15.2,-0.1,0.0,15.0,12.5
63787047840648,29.6,14.7,-0.1,0.0,15.0,11.4
63787047841836,27.5,12.6,-0.1,0.0,15.0,10.9
63787047843023,27.5,12.6,-0.1,0.0,15.0,10.4
63787047844210,27.8,12.9,-0.1,0.0,15.0,10.1
63787047845382,28.3,13.4,-0.1,0.0,15.0,11.6
63787047846567,28.7,13.8,-0.1,0.0,15.0,10.6
63787047847754,29.1,14.2,-0.1,0.0,15.0,11.5
63787047848941,28.3,13.4,-0.1,0.0,15.0,10.6
63787047850128,30.0,15.1,-0.1,0.0,15.0,13.2
63787047851313,29.8,14.9,-0.1,0.0,15.0,12.1
63787047852500,28.5,13.6,-0.1,0.0,15.0,11.5
63787047853703,29.0,14.1,-0.1,0.0,15.0,12.3
63787047854906,27.6,12.7,-0.1,0.0,15.0,10.8
63787047856109,29.4,14.5,-0.1,0.0,15.0,12.3
63787047857296,26.7,11.8,-0.1,0.0,15.0,9.9
63787047858483,27.8,12.9,-0.1,0.0,15.0,11.3
63787047859686,28.6,13.7,-0.1,0.0,15.0,11.5
63787047860861,29.5,14.6,-0.1,0.0,15.0,11.0
63787047862048,29.9,15.0,-0.1,0.0,15.0,11.4
63787047863235,28.3,13.4,-0.1,0.0,15.0,9.6
63787047864407,29.7,14.8,-0.1,0.0,15.0,11.5
63787047865594,28.7,13.8,-0.1,0.0,15.0,10.9
63787047866766,28.7,13.8,-0.1,0.0,15.0,10.4
63787047867937,29.2,14.3,-0.1,0.0,15.0,11.5
63787047869124,29.9,15.0,-0.1,0.0,15.0,11.3
63787047870312,29.3,14.4,-0.1,0.0,15.0,10.9
63787047871485,30.5,15.6,-0.1,0.0,15.0,11.3
63787047872672,28.8,13.9,-0.1,0.0,15.0,11.0
63787047873865,29.2,14.3,-0.1,0.0,15.0,11.5
63787047875052,28.9,14.0,-0.1,0.0,15.0,10.7
63787047876239,30.0,15.1,-0.1,0.0,15.0,11.8
63787047877426,29.3,14.4,-0.1,0.0,15.0,10.5
63787047878614,29.0,14.1,-0.1,0.0,15.0,10.8
63787047879785,28.5,13.6,-0.1,0.0,15.0,9.9
63787047880957,29.1,14.2,-0.1,0.0,15.0,10.7
63787047882128,28.3,13.4,-0.1,0.0,15.0,9.7
63787047883316,29.3,14.4,-0.1,0.0,15.0,10.7
63787047884503,28.8,13.9,-0.1,0.0,15.0,10.8
63787047885690,28.3,13.4,-0.1,0.0,15.0,10.5
63787047886862,28.7,13.8,-0.1,0.0,15.0,12.1
63787047888065,26.3,11.4,-0.1,0.0,15.0,9.4
63787047889252,29.7,14.8,-0.1,0.0,15.0,13.3
63787047890423,28.1,13.2,-0.1,0.0,15.0,10.8
63787047891594,27.5,12.6,-0.1,0.0,15.0,11.4
63787047892768,28.0,13.1,-0.1,0.0,15.0,10.9
63787047893956,28.5,13.6,-0.1,0.0,15.0,11.5
63787047895127,27.4,12.5,-0.1,0.0,15.0,10.9
63787047896299,27.7,12.8,-0.1,0.0,15.0,11.2
63787047897469,26.9,12.0,-0.1,0.0,15.0,10.2
63787047898641,28.1,13.2,-0.1,0.0,15.0,11.2
63787047899812,27.3,12.4,-0.1,0.0,15.0,10.1
63787047900968,28.0,13.1,-0.1,0.0,15.0,11.5
63787047902143,29.2,14.3,-0.1,0.0,15.0,11.1
63787047903334,29.1,14.2,-0.1,0.0,15.0,12.0
63787047904505,28.9,14.0,-0.1,0.0,15.0,11.0
63787047905677,27.0,12.1,-0.1,0.0,15.0,10.1
63787047906848,26.3,11.4,-0.1,0.0,15.0,9.6
63787047908028,29.0,14.1,-0.1,0.0,15.0,11.5
63787047909215,29.2,14.3,-0.1,0.0,15.0,12.2
63787047910387,28.3,13.4,-0.1,0.0,15.0,11.1
63787047911559,29.4,14.5,-0.1,0.0,15.0,12.3
63787047912798,28.6,13.7,-0.1,0.0,15.0,11.2
63787047913985,29.1,14.2,-0.1,0.0,15.0,11.6
63787047915172,28.2,13.3,-0.1,0.0,15.0,11.8
63787047916359,27.8,12.9,-0.1,0.0,15.0,11.0
63787047917581,26.7,11.8,-0.1,0.0,15.0,10.1
63787047918769,28.1,13.2,-0.1,0.0,15.0,9.3
63787047919940,28.2,13.3,-0.1,0.0,15.0,11.0
63787047921112,26.7,11.8,-0.1,0.0,15.0,9.8
63787047922283,25.1,10.2,-0.1,0.0,15.0,8.5
63787047923479,29.6,14.7,-0.1,0.0,15.0,11.9
63787047924666,27.2,12.3,-0.1,0.0,15.0,10.5
63787047925853,29.4,14.5,-0.1,0.0,15.0,11.9
63787047927041,29.0,14.1,-0.1,0.0,15.0,11.6
63787047928219,29.1,14.2,-0.1,0.0,15.0,12.3
63787047929406,28.3,13.4,-0.1,0.0,15.0,12.0
63787047930594,29.0,14.1,-0.1,0.0,15.0,12.0
63787047931781,30.6,15.7,-0.1,0.0,15.0,14.1
63787047932954,28.3,13.4,-0.1,0.0,15.0,11.2
63787047934144,28.2,13.3,-0.1,0.0,15.0,11.4
63787047935316,28.9,14.0,-0.1,0.0,15.0,10.9
63787047936491,27.4,12.5,-0.1,0.0,15.0,9.7
63787047937663,27.2,12.3,-0.1,0.0,15.0,10.7
63787047938826,27.2,12.3,-0.1,0.0,15.0,10.0
63787047940017,27.1,12.2,-0.1,0.0,15.0,10.1
63787047941188,28.4,13.5,-0.1,0.0,15.0,11.0
63787047942382,29.6,14.7,-0.1,0.0,15.0,11.9
63787047943570,29.6,14.7,-0.1,0.0,15.0,12.9
63787047944741,28.1,13.2,-0.1,0.0,15.0,11.8
63787047945968,29.1,14.2,-0.1,0.0,15.0,12.1
63787047947155,29.2,14.3,-0.1,0.0,15.0,11.4
63787047948342,29.1,14.2,-0.1,0.0,15.0,12.5
63787047949529,28.8,13.9,-0.1,0.0,15.0,12.3
63787047950724,29.4,14.5,-0.1,0.0,15.0,12.5
63787047951911,28.2,13.3,-0.1,0.0,15.0,11.7
63787047953098,27.1,12.2,-0.1,0.0,15.0,10.8
63787047954278,29.7,14.8,-0.1,0.0,15.0,12.8
63787047955466,29.5,14.6,-0.1,0.0,15.0,13.1
63787047956637,28.2,13.3,-0.1,0.0,15.0,11.6
63787047957850,27.4,12.5,-0.1,0.0,15.0,10.0
63787047959038,28.6,13.7,-0.1,0.0,15.0,11.8
63787047960225,28.6,13.7,-0.1,0.0,15.0,11.1
63787047961412,29.9,15.0,-0.1,0.0,15.0,13.4
63787047962577,28.7,13.8,-0.1,0.0,15.0,11.9
63787047963757,26.6,11.7,-0.1,0.0,15.0,9.4
63787047964928,29.2,14.3,-0.1,0.0,15.0,13.1
63787047966092,26.6,11.7,-0.1,0.0,15.0,9.7
63787047967275,26.6,11.7,-0.1,0.0,15.0,9.8
63787047968447,30.6,15.7,-0.1,0.0,15.0,13.0
63787047969613,28.8,13.9,-0.1,0.0,15.0,11.9
63787047970785,27.1,12.2,-0.1,0.0,15.0,10.6
63787047971966,29.6,14.7,-0.1,0.0,15.0,12.2
63787047973153,28.3,13.4,-0.1,0.0,15.0,12.0
63787047974340,28.3,13.4,-0.1,0.0,15.0,11.2
63787047975512,28.2,13.3,-0.1,0.0,15.0,11.6
63787047976699,26.5,11.6,-0.1,0.0,15.0,10.3
63787047977886,27.8,12.9,-0.1,0.0,15.0,11.0
63787047979058,27.1,12.2,-0.1,0.0,15.0,10.5
63787047980230,27.4,12.5,-0.1,0.0,15.0,11.6
63787047981401,27.6,12.7,-0.1,0.0,15.0,10.5
63787047982557,28.1,13.2,-0.1,0.0,15.0,11.9
63787047983760,29.7,14.8,-0.1,0.0,15.0,11.9
63787047984932,30.0,15.1,-0.1,0.0,15.0,12.1
63787047986103,29.7,14.8,-0.1,0.0,15.0,12.0
63787047987275,29.6,14.7,-0.1,0.0,15.0,11.4
63787047988446,29.3,14.4,-0.1,0.0,15.0,11.4
63787047989615,30.1,15.2,-0.1,0.0,15.0,12.4
63787047990787,29.2,14.3,-0.1,0.0,15.0,11.2
63787047991969,28.7,13.8,-0.1,0.0,15.0,10.6
63787047993150,30.4,15.5,-0.1,0.0,15.0,11.2
63787047994321,29.4,14.5,-0.1,0.0,15.0,11.9
63787047995493,30.2,15.3,-0.1,0.0,15.0,11.9
63787047996660,29.8,14.9,-0.1,0.0,15.0,12.3
63787047997848,28.7,13.8,-0.1,0.0,15.0,10.6
63787047999035,29.0,14.1,-0.1,0.0,15.0,10.8
63787048000222,28.9,14.0,-0.1,0.0,15.0,11.1
63787048001394,29.5,14.5,-0.1,0.0,15.0,11.2
63787048002565,28.7,13.8,-0.1,0.0,15.0,11.0
63787048003761,29.6,14.7,-0.1,0.0,15.0,11.1
63787048004947,29.3,14.4,-0.1,0.0,15.0,11.4
63787048006118,29.7,14.8,-0.1,0.0,15.0,11.6
63787048007290,30.2,15.3,-0.1,0.0,15.0,11.6
63787048008461,29.6,14.7,-0.1,0.0,15.0,12.2
63787048009657,30.0,15.1,-0.1,0.0,15.0,11.8
63787048010829,29.5,14.6,-0.1,0.0,15.0,12.0
63787048012000,29.7,14.8,-0.1,0.0,15.0,11.6
63787048013172,29.7,14.8,-0.1,0.0,15.0,12.1
63787048014344,29.6,14.6,-0.1,0.0,15.0,11.7
63787048015515,28.6,13.7,-0.1,0.0,15.0,11.3
63787048016695,29.6,14.7,-0.1,0.0,15.0,11.7
63787048017866,27.1,12.2,-0.1,0.0,15.0,10.8
63787048019034,28.8,13.9,-0.1,0.0,15.0,11.7
63787048020218,26.9,12.0,-0.1,0.0,15.0,10.6
63787048021390,27.8,12.9,-0.1,0.0,15.0,11.4
63787048022574,27.2,12.3,-0.1,0.0,15.0,10.0
63787048023745,27.0,12.1,-0.1,0.0,15.0,10.8
63787048024913,28.0,13.1,-0.1,0.0,15.0,11.7
63787048026109,27.0,12.1,-0.1,0.0,15.0,10.6
63787048027296,27.8,12.9,-0.1,0.0,15.0,10.7
63787048028484,28.6,13.7,-0.1,0.0,15.0,11.7
63787048029671,27.5,12.6,-0.1,0.0,15.0,11.0
63787048030858,27.6,12.7,-0.1,0.0,15.0,11.2
63787048032045,28.4,13.5,-0.1,0.0,15.0,11.5
63787048033232,28.3,13.4,-0.1,0.0,15.0,11.1
63787048034420,28.3,13.4,-0.1,0.0,15.0,11.4
63787048035607,28.8,13.9,-0.1,0.0,15.0,12.1
63787048036794,27.8,12.9,-0.1,0.0,15.0,11.1
63787048037981,28.8,13.9,-0.1,0.0,15.0,11.7
63787048039169,27.7,12.8,-0.1,0.0,15.0,11.1
63787048040356,26.0,11.1,-0.1,0.0,15.0,9.4
63787048041543,28.1,13.2,-0.1,0.0,15.0,11.4
63787048042730,31.3,16.4,-0.1,0.0,15.0,14.1
63787048043917,29.7,14.8,-0.1,0.0,15.0,13.2
63787048045105,28.9,14.0,-0.1,0.0,15.0,12.2
63787048046284,28.8,13.9,-0.1,0.0,15.0,12.3
63787048047472,29.0,14.1,-0.1,0.0,15.0,12.3
63787048048643,28.0,13.1,-0.1,0.0,15.0,11.4
63787048049839,31.0,16.1,-0.1,0.0,15.0,14.3
63787048051026,27.1,12.2,-0.1,0.0,15.0,11.2
63787048052191,27.3,12.4,-0.1,0.0,15.0,10.7
63787048053362,29.1,14.2,-0.1,0.0,15.0,12.4
63787048054534,29.2,14.3,-0.1,0.0,15.0,12.2
63787048055729,27.9,13.0,-0.1,0.0,15.0,11.1
63787048056917,29.5,14.5,-0.1,0.0,15.0,12.8
63787048058085,27.3,12.4,-0.1,0.0,15.0,10.3
63787048059257,27.4,12.5,-0.1,0.0,15.0,10.6
63787048060425,27.3,12.4,-0.1,0.0,15.0,10.6
63787048061596,28.8,13.9,-0.1,0.0,15.0,12.5
63787048062765,28.2,13.3,-0.1,0.0,15.0,11.2
63787048063952,26.7,11.8,-0.1,0.0,15.0,10.3
63787048065133,28.1,13.2,-0.1,0.0,15.0,10.2
63787048066320,28.5,13.6,-0.1,0.0,15.0,11.7
63787048067484,27.0,12.1,-0.1,0.0,15.0,10.8
63787048068656,27.5,12.6,-0.1,0.0,15.0,10.8
63787048069840,26.6,11.7,-0.1,0.0,15.0,9.6
63787048071027,26.8,11.9,-0.1,0.0,15.0,10.4
63787048072207,29.3,14.4,-0.1,0.0,15.0,12.7
63787048073379,26.6,11.7,-0.1,0.0,15.0,10.2
63787048074558,26.4,11.5,-0.1,0.0,15.0,9.7
63787048075746,27.5,12.6,-0.1,0.0,15.0,10.6
63787048076910,27.6,12.7,-0.1,0.0,15.0,10.7
63787048078082,27.6,12.7,-0.1,0.0,15.0,11.1
63787048079250,27.4,12.5,-0.1,0.0,15.0,11.0
63787048080431,28.8,13.9,-0.1,0.0,15.0,12.2
63787048081602,26.9,12.0,-0.1,0.0,15.0,9.7
63787048082782,28.2,13.3,-0.1,0.0,15.0,11.3
63787048083938,29.3,14.4,-0.1,0.0,15.0,12.8
63787048085106,25.9,11.0,-0.1,0.0,15.0,9.1
63787048086290,26.6,11.6,-0.1,0.0,15.0,9.9
63787048087462,30.5,15.6,-0.1,0.0,15.0,13.5
63787048088646,29.8,14.9,-0.1,0.0,15.0,13.4
63787048089830,27.4,12.5,-0.1,0.0,15.0,10.7
63787048091001,29.4,14.5,-0.1,0.0,15.0,12.8
63787048092181,28.2,13.3,-0.1,0.0,15.0,11.4
63787048093337,27.7,12.8,-0.1,0.0,15.0,11.1
63787048094505,27.1,12.2,-0.1,0.0,15.0,10.3
63787048095674,28.5,13.6,-0.1,0.0,15.0,11.2
63787048096846,28.1,13.2,-0.1,0.0,15.0,10.5
63787048098015,27.1,12.2,-0.1,0.0,15.0,10.7
63787048099211,29.1,14.2,-0.1,0.0,15.0,12.2
63787048100398,31.2,16.3,-0.1,0.0,15.0,14.5
63787048101586,29.5,14.5,-0.1,0.0,15.0,12.9
63787048102773,29.4,14.5,-0.1,0.0,15.0,12.6
63787048103957,28.3,13.4,-0.1,0.0,15.0,11.7
63787048105144,29.3,14.4,-0.1,0.0,15.0,13.0
63787048106331,29.2,14.3,-0.1,0.0,15.0,12.8
63787048107513,29.2,14.3,-0.1,0.0,15.0,13.0
63787048108700,29.9,15.0,-0.1,0.0,15.0,13.6
63787048109887,26.7,11.8,-0.1,0.0,15.0,10.3
63787048111121,29.4,14.5,-0.1,0.0,15.0,12.3
63787048112324,28.6,13.7,-0.1,0.0,15.0,11.1
63787048113505,27.3,12.4,-0.1,0.0,15.0,10.9
63787048114693,28.6,13.7,-0.1,0.0,15.0,12.3
63787048115873,30.3,15.4,-0.1,0.0,15.0,13.9
63787048117060,29.7,14.8,-0.1,0.0,15.0,13.4
63787048118248,28.5,13.6,-0.1,0.0,15.0,12.2
63787048119429,27.8,12.9,-0.1,0.0,15.0,10.1
63787048120616,29.2,14.3,-0.1,0.0,15.0,11.4
63787048121788,29.9,15.0,-0.1,0.0,15.0,11.9
63787048122959,29.2,14.3,-0.1,0.0,15.0,11.4
63787048124146,29.2,14.3,-0.1,0.0,15.0,10.8
63787048125302,28.2,13.3,-0.1,0.0,15.0,10.5
63787048126467,29.7,14.8,-0.1,0.0,15.0,12.5
63787048127638,29.8,14.9,-0.1,0.0,15.0,11.8
63787048128810,30.2,15.3,-0.1,0.0,15.0,11.9
63787048129982,30.7,15.8,-0.1,0.0,15.0,12.7
63787048131169,29.7,14.8,-0.1,0.0,15.0,12.2
63787048132353,29.6,14.7,-0.1,0.0,15.0,11.7
63787048133524,30.2,15.3,-0.1,0.0,15.0,11.9
63787048134696,30.1,15.2,-0.1,0.0,15.0,12.0
63787048135868,29.6,14.7,-0.1,0.0,15.0,12.2
63787048137055,29.3,14.4,-0.1,0.0,15.0,11.2
63787048138226,30.0,15.1,-0.1,0.0,15.0,11.8
63787048139411,29.8,14.9,-0.1,0.0,15.0,11.6
63787048140598,30.1,15.2,-0.1,0.0,15.0,11.7
63787048141770,30.7,15.8,-0.1,0.0,15.0,12.5
63787048142957,29.6,14.7,-0.1,0.0,15.0,11.2
63787048144144,28.7,13.8,-0.1,0.0,15.0,10.3
63787048145316,29.7,14.8,-0.1,0.0,15.0,11.5
63787048146500,30.2,15.3,-0.1,0.0,15.0,12.4
63787048147687,30.3,15.4,-0.1,0.0,15.0,12.6
63787048148858,29.5,14.6,-0.1,0.0,15.0,11.6
63787048150030,30.8,15.9,-0.1,0.0,15.0,13.1
63787048151202,29.4,14.5,-0.1,0.0,15.0,11.6
63787048152401,29.5,14.6,-0.1,0.0,15.0,11.6
63787048153573,27.6,12.7,-0.1,0.0,15.0,11.5
63787048154775,28.0,13.1,-0.1,0.0,15.0,11.3
63787048155959,28.6,13.7,-0.1,0.0,15.0,12.2
63787048157146,29.5,14.5,-0.1,0.0,15.0,13.5
63787048158326,28.9,14.0,-0.1,0.0,15.0,12.0
63787048159498,29.4,14.5,-0.1,0.0,15.0,12.6
63787048160685,28.8,13.9,-0.1,0.0,15.0,12.3
63787048161865,29.0,14.1,-0.1,0.0,15.0,11.8
63787048163053,27.3,12.4,-0.1,0.0,15.0,10.9
63787048164237,29.2,14.3,-0.1,0.0,15.0,12.7
63787048165424,28.3,13.4,-0.1,0.0,15.0,11.8
63787048166596,28.4,13.5,-0.1,0.0,15.0,11.9
63787048167765,27.9,13.0,-0.1,0.0,15.0,9.6
63787048168952,28.8,13.9,-0.1,0.0,15.0,10.8
63787048170124,28.1,13.2,-0.1,0.0,15.0,10.5
63787048171296,29.1,14.2,-0.1,0.0,15.0,10.9
63787048172483,29.5,14.6,-0.1,0.0,15.0,10.5
63787048173670,27.9,13.0,-0.1,0.0,15.0,10.2
63787048174842,28.5,13.6,-0.1,0.0,15.0,10.1
63787048176013,29.1,14.2,-0.1,0.0,15.0,11.3
63787048177200,29.4,14.5,-0.1,0.0,15.0,11.4
63787048178356,29.0,14.1,-0.1,0.0,15.0,10.2
63787048179528,28.1,13.2,-0.1,0.0,15.0,10.6
63787048180700,29.7,14.8,-0.1,0.0,15.0,11.0
63787048181887,28.3,13.4,-0.1,0.0,15.0,10.2
63787048183074,29.0,14.1,-0.1,0.0,15.0,10.4
63787048184246,28.9,14.0,-0.1,0.0,15.0,10.5
63787048185433,28.2,13.3,-0.1,0.0,15.0,9.8
63787048186620,30.0,15.1,-0.1,0.0,15.0,11.3
63787048187807,28.3,13.4,-0.1,0.0,15.0,10.0
63787048188995,28.5,13.6,-0.1,0.0,15.0,9.5
63787048190166,28.3,13.4,-0.1,0.0,15.0,9.9
63787048191353,29.0,14.1,-0.1,0.0,15.0,10.7
63787048192541,29.4,14.5,-0.1,0.0,15.0,11.6
63787048193712,27.7,12.8,-0.1,0.0,15.0,11.3
63787048194884,30.2,15.3,-0.1,0.0,15.0,13.5
63787048196048,26.4,11.5,-0.1,0.0,15.0,10.0
63787048197220,27.7,12.8,-0.1,0.0,15.0,11.4
63787048198416,28.9,14.0,-0.1,0.0,15.0,11.8
63787048199603,27.8,12.9,-0.1,0.0,15.0,11.1
63787048200774,30.3,15.4,-0.1,0.0,15.0,13.6
63787048201939,28.6,13.7,-0.1,0.0,15.0,11.9
63787048203111,30.4,15.5,-0.1,0.0,15.0,13.4
63787048204294,30.2,15.3,-0.1,0.0,15.0,13.3
63787048205481,27.3,12.4,-0.1,0.0,15.0,10.5
63787048206668,29.1,14.2,-0.1,0.0,15.0,12.1
63787048207864,28.6,13.7,-0.1,0.0,15.0,10.8
63787048209067,28.4,13.5,-0.1,0.0,15.0,10.5
63787048210238,30.9,16.0,-0.1,0.0,15.0,12.5
63787048211426,28.8,13.9,-0.1,0.0,15.0,10.5
63787048212597,29.5,14.6,-0.1,0.0,15.0,11.3
63787048213769,29.6,14.7,-0.1,0.0,15.0,10.7
63787048214940,28.9,14.0,-0.1,0.0,15.0,10.9
63787048216096,29.2,14.3,-0.1,0.0,15.0,10.8
63787048217284,27.8,12.9,-0.1,0.0,15.0,9.8
63787048218471,28.3,13.4,-0.1,0.0,15.0,10.0
63787048219642,28.3,13.4,-0.1,0.0,15.0,10.2
63787048220798,28.3,13.4,-0.1,0.0,15.0,10.1
63787048221954,28.8,13.9,-0.1,0.0,15.0,10.7
63787048223126,29.3,14.4,-0.1,0.0,15.0,10.9
63787048224297,28.1,13.2,-0.1,0.0,15.0,10.3
63787048225469,28.3,13.4,-0.1,0.0,15.0,10.5
63787048226641,30.1,15.2,-0.1,0.0,15.0,11.1
63787048227812,28.6,13.7,-0.1,0.0,15.0,10.8
63787048228984,28.8,13.9,-0.1,0.0,15.0,10.7
63787048230171,28.8,13.9,-0.1,0.0,15.0,10.6
63787048231351,29.7,14.8,-0.1,0.0,15.0,9.7
63787048232522,29.3,14.4,-0.1,0.0,15.0,10.7
63787048233715,29.2,14.3,-0.1,0.0,15.0,10.9
63787048234871,28.4,13.5,-0.1,0.0,15.0,9.9
63787048236058,29.4,14.5,-0.1,0.0,15.0,11.1
63787048237229,29.7,14.8,-0.1,0.0,15.0,10.9
63787048238417,28.2,13.2,-0.1,0.0,15.0,9.9
63787048239588,29.1,14.2,-0.1,0.0,15.0,11.0
63787048240760,28.2,13.3,-0.1,0.0,15.0,9.9
63787048241947,29.4,14.5,-0.1,0.0,15.0,11.0
63787048243119,28.6,13.7,-0.1,0.0,15.0,10.9
63787048244306,29.1,14.2,-0.1,0.0,15.0,10.4
63787048245477,28.9,14.0,-0.1,0.0,15.0,11.3
63787048246665,29.2,14.3,-0.1,0.0,15.0,11.4
63787048247836,29.2,14.3,-0.1,0.0,15.0,10.9
63787048249008,28.5,13.6,-0.1,0.0,15.0,10.1
63787048250164,30.2,15.3,-0.1,0.0,15.0,12.2
63787048251335,28.5,13.6,-0.1,0.0,15.0,9.7
63787048252507,28.6,13.7,-0.1,0.0,15.0,10.1
63787048253694,28.1,13.2,-0.1,0.0,15.0,10.4
63787048254881,29.5,14.6,-0.1,0.0,15.0,11.3
63787048256053,29.5,14.6,-0.1,0.0,15.0,10.9
63787048257225,28.6,13.7,-0.1,0.0,15.0,10.9
63787048258396,28.7,13.8,-0.1,0.0,15.0,10.5
63787048259568,29.4,14.5,-0.1,0.0,15.0,11.0
63787048260755,29.8,14.9,-0.1,0.0,15.0,11.5
63787048261927,29.4,14.5,-0.1,0.0,15.0,11.1
63787048263098,27.2,12.3,-0.1,0.0,15.0,10.3
63787048264267,27.5,12.6,-0.1,0.0,15.0,10.6
63787048265439,27.1,12.2,-0.1,0.0,15.0,10.4
63787048266622,27.9,13.0,-0.1,0.0,15.0,11.2
63787048267794,28.0,13.1,-0.1,0.0,15.0,11.2
63787048268974,28.0,13.1,-0.1,0.0,15.0,11.3
63787048270146,28.4,13.5,-0.1,0.0,15.0,12.2
63787048271310,27.2,12.3,-0.1,0.0,15.0,10.7
63787048272496,28.4,13.5,-0.1,0.0,15.0,11.9
63787048273667,30.4,15.5,-0.1,0.0,15.0,11.7
63787048274839,30.0,15.1,-0.1,0.0,15.0,11.7
63787048276010,29.4,14.5,-0.1,0.0,15.0,11.8
63787048277182,30.9,16.0,-0.1,0.0,15.0,12.7
63787048278369,28.7,13.8,-0.1,0.0,15.0,10.9
63787048279537,29.1,14.2,-0.1,0.0,15.0,11.4
63787048280709,29.8,14.9,-0.1,0.0,15.0,12.1
63787048281880,29.2,14.3,-0.1,0.0,15.0,10.6
63787048283052,30.1,15.2,-0.1,0.0,15.0,12.2
63787048284223,28.7,13.8,-0.1,0.0,15.0,10.9
63787048285395,29.1,14.2,-0.1,0.0,15.0,11.5
63787048286564,29.4,14.5,-0.1,0.0,15.0,11.7
63787048287735,30.2,15.3,-0.1,0.0,15.0,11.9
63787048288907,29.4,14.5,-0.1,0.0,15.0,11.7
63787048290079,29.4,14.5,-0.1,0.0,15.0,11.5
63787048291250,29.9,15.0,-0.1,0.0,15.0,11.9
63787048292420,29.9,15.0,-0.1,0.0,15.0,12.0
63787048293592,28.6,13.7,-0.1,0.0,15.0,10.5
63787048294763,29.9,15.0,-0.1,0.0,15.0,11.9
63787048295935,29.8,14.9,-0.1,0.0,15.0,11.8
63787048297106,29.4,14.5,-0.1,0.0,15.0,11.5
63787048298278,30.1,15.2,-0.1,0.0,15.0,12.1
63787048299462,29.9,15.0,-0.1,0.0,15.0,11.3
63787048300634,29.5,14.6,-0.1,0.0,15.0,11.7
63787048301821,30.4,15.5,-0.1,0.0,15.0,12.3
63787048303008,30.0,15.1,-0.1,0.0,15.0,12.2
63787048304180,29.4,14.5,-0.1,0.0,15.0,11.5
63787048305351,29.5,14.6,-0.1,0.0,15.0,12.2
63787048306536,26.5,11.6,-0.1,0.0,15.0,9.0
63787048307723,27.2,12.3,-0.1,0.0,15.0,10.8
63787048308910,28.0,13.1,-0.1,0.0,15.0,11.4
63787048310098,29.7,14.8,-0.1,0.0,15.0,13.5
63787048311285,24.5,9.6,-0.1,0.0,15.0,7.9
63787048312472,28.1,13.2,-0.1,0.0,15.0,12.0
63787048313659,29.1,14.2,-0.1,0.0,15.0,12.5
63787048314831,28.0,13.1,-0.1,0.0,15.0,11.2
63787048316018,26.8,11.9,-0.1,0.0,15.0,10.5
63787048317205,27.6,12.7,-0.1,0.0,15.0,10.5
63787048318393,28.5,13.6,-0.1,0.0,15.0,11.9
63787048319564,25.4,10.5,-0.1,0.0,15.0,9.2
63787048320751,28.3,13.4,-0.1,0.0,15.0,11.5
63787048321923,28.3,13.4,-0.1,0.0,15.0,11.5
63787048323110,29.4,14.5,-0.1,0.0,15.0,12.9
63787048324313,29.4,14.5,-0.1,0.0,15.0,11.2
63787048325485,29.3,14.4,-0.1,0.0,15.0,12.7
63787048326672,27.7,12.8,-0.1,0.0,15.0,10.7
63787048327859,27.8,12.9,-0.1,0.0,15.0,11.2
63787048329046,27.9,13.0,-0.1,0.0,15.0,10.6
63787048330249,29.2,14.3,-0.1,0.0,15.0,12.9
63787048331468,31.4,16.5,-0.1,0.0,15.0,12.7
63787048332655,30.1,15.2,-0.1,0.0,15.0,12.0
63787048333826,27.3,12.4,-0.1,0.0,15.0,11.0
63787048334998,26.9,12.0,-0.1,0.0,15.0,10.0
63787048336170,26.2,11.3,-0.1,0.0,15.0,9.3
63787048337350,28.1,13.2,-0.1,0.0,15.0,11.1
63787048338521,29.3,14.4,-0.1,0.0,15.0,12.5
63787048339702,27.7,12.8,-0.1,0.0,15.0,11.8
63787048340886,26.4,11.5,-0.1,0.0,15.0,9.9
63787048342058,27.3,12.4,-0.1,0.0,15.0,10.2
63787048343226,28.3,13.4,-0.1,0.0,15.0,11.4
63787048344398,25.7,10.8,-0.1,0.0,15.0,8.9
63787048345598,28.6,13.7,-0.1,0.0,15.0,12.5
63787048346769,27.5,12.6,-0.1,0.0,15.0,10.8
63787048347954,27.6,12.7,-0.1,0.0,15.0,10.9
63787048349125,27.5,12.6,-0.1,0.0,15.0,11.0
63787048350309,27.0,12.1,-0.1,0.0,15.0,10.3
63787048351511,28.2,13.3,-0.1,0.0,15.0,10.7
63787048352694,29.8,14.9,-0.1,0.0,15.0,12.3
63787048353856,27.5,12.6,-0.1,0.0,15.0,10.9
63787048355051,29.1,14.2,-0.1,0.0,15.0,11.9
63787048356223,26.8,11.9,-0.1,0.0,15.0,10.2
63787048357388,25.0,10.1,-0.1,0.0,15.0,8.5
63787048358560,27.8,12.9,-0.1,0.0,15.0,9.4
63787048359731,28.1,13.2,-0.1,0.0,15.0,10.5
63787048360903,28.9,14.0,-0.1,0.0,15.0,10.5
63787048362059,29.1,14.2,-0.1,0.0,15.0,10.3
63787048363231,27.8,12.9,-0.1,0.0,15.0,10.3
63787048364402,29.0,14.1,-0.1,0.0,15.0,10.3
63787048365574,28.1,13.2,-0.1,0.0,15.0,11.0
63787048366745,29.0,14.1,-0.1,0.0,15.0,11.2
63787048367917,28.5,13.6,-0.1,0.0,15.0,10.8
63787048369089,28.0,13.1,-0.1,0.0,15.0,10.0
63787048370260,29.5,14.6,-0.1,0.0,15.0,10.9
63787048371432,28.8,13.9,-0.1,0.0,15.0,10.6
63787048372603,28.6,13.7,-0.1,0.0,15.0,10.5
63787048373775,28.8,13.9,-0.1,0.0,15.0,10.6
63787048374947,28.5,13.6,-0.1,0.0,15.0,10.2
63787048376118,29.6,14.6,-0.1,0.0,15.0,11.4
63787048377305,28.9,14.0,-0.1,0.0,15.0,11.0
63787048378477,29.1,14.2,-0.1,0.0,15.0,10.5
63787048379649,29.2,14.3,-0.1,0.0,15.0,11.1
63787048380820,28.8,13.9,-0.1,0.0,15.0,10.2
63787048381992,28.5,13.6,-0.1,0.0,15.0,10.3
63787048383163,29.1,14.2,-0.1,0.0,15.0,9.9
63787048384351,29.5,14.6,-0.1,0.0,15.0,11.1
63787048385522,28.5,13.6,-0.1,0.0,15.0,10.3
63787048386694,28.6,13.7,-0.1,0.0,15.0,10.2
63787048387881,29.6,14.7,-0.1,0.0,15.0,11.4
63787048389053,28.6,13.7,-0.1,0.0,15.0,10.3
63787048390224,29.2,14.3,-0.1,0.0,15.0,10.4
63787048391396,29.3,14.4,-0.1,0.0,15.0,10.8
63787048392588,32.3,17.4,-0.1,0.0,15.0,10.9
63787048393762,30.8,15.9,-0.1,0.0,15.0,11.9
63787048394958,28.5,13.6,-0.1,0.0,15.0,10.6
63787048396140,29.4,14.5,-0.1,0.0,15.0,10.9
63787048397321,28.6,13.7,-0.1,0.0,15.0,10.4
63787048398504,29.4,14.5,-0.1,0.0,15.0,11.0
63787048399687,27.5,12.6,-0.1,0.0,15.0,9.3
63787048400874,30.1,15.2,-0.1,0.0,15.0,11.7
63787048402052,29.4,14.5,-0.1,0.0,15.0,10.6
63787048403235,31.3,16.4,-0.1,0.0,15.0,13.1
63787048404430,29.4,14.5,-0.1,0.0,15.0,10.9
63787048405617,29.1,14.2,-0.1,0.0,15.0,10.1
63787048406796,30.0,15.1,-0.1,0.0,15.0,11.6
63787048407979,28.0,13.1,-0.1,0.0,15.0,10.6
63787048409166,28.5,13.6,-0.1,0.0,15.0,10.1
63787048410349,28.9,14.0,-0.1,0.0,15.0,10.6
63787048411532,29.0,14.1,-0.1,0.0,15.0,10.2
63787048412733,30.0,15.1,-0.1,0.0,15.0,12.0
63787048413934,29.6,14.7,-0.1,0.0,15.0,12.0
63787048415132,27.6,12.7,-0.1,0.0,15.0,10.4
63787048416335,26.9,12.0,-0.1,0.0,15.0,9.7
63787048417523,29.1,14.2,-0.1,0.0,15.0,12.0
63787048418717,28.7,13.8,-0.1,0.0,15.0,11.2
63787048419921,29.7,14.8,-0.1,0.0,15.0,13.0
63787048421114,27.6,12.7,-0.1,0.0,15.0,10.7
63787048422315,27.8,12.9,-0.1,0.0,15.0,11.2
63787048423514,28.8,13.9,-0.1,0.0,15.0,11.9
63787048424722,28.7,13.8,-0.1,0.0,15.0,12.0
63787048425919,27.8,12.9,-0.1,0.0,15.0,11.2
63787048427105,29.3,14.4,-0.1,0.0,15.0,11.9
63787048428284,27.9,13.0,-0.1,0.0,15.0,9.6
63787048429467,29.2,14.3,-0.1,0.0,15.0,10.7
63787048430662,27.1,12.2,-0.1,0.0,15.0,9.1
63787048431854,28.9,14.0,-0.1,0.0,15.0,10.3
63787048433039,28.4,13.5,-0.1,0.0,15.0,10.0
63787048434231,27.8,12.9,-0.1,0.0,15.0,9.7
63787048435422,28.3,13.4,-0.1,0.0,15.0,9.7
63787048436621,29.9,15.0,-0.1,0.0,15.0,11.3
63787048437812,28.8,13.9,-0.1,0.0,15.0,10.3
63787048439000,28.7,13.8,-0.1,0.0,15.0,10.2
63787048440188,29.2,14.3,-0.1,0.0,15.0,11.3
63787048441385,28.7,13.8,-0.1,0.0,15.0,10.1
63787048442564,28.2,13.3,-0.1,0.0,15.0,9.1
63787048443765,28.8,13.9,-0.1,0.0,15.0,10.0
63787048444976,28.7,13.8,-0.1,0.0,15.0,10.3
63787048446179,30.4,15.5,-0.1,0.0,15.0,11.9
63787048447372,28.8,13.9,-0.1,0.0,15.0,10.5
63787048448569,28.4,13.5,-0.1,0.0,15.0,9.9
63787048449763,28.8,13.9,-0.1,0.0,15.0,10.6
63787048450983,28.3,13.4,-0.1,0.0,15.0,9.4
63787048452171,29.1,14.2,-0.1,0.0,15.0,10.4
63787048453360,29.5,14.6,-0.1,0.0,15.0,10.9
63787048454542,29.0,14.1,-0.1,0.0,15.0,10.3
63787048455729,29.3,14.4,-0.1,0.0,15.0,11.7
63787048456902,29.0,14.1,-0.1,0.0,15.0,10.8
63787048458106,29.2,14.3,-0.1,0.0,15.0,11.3
63787048459294,28.7,13.8,-0.1,0.0,15.0,10.5
63787048460479,30.8,15.9,-0.1,0.0,15.0,13.2
63787048461668,29.2,14.3,-0.1,0.0,15.0,9.8
63787048462832,29.1,14.2,-0.1,0.0,15.0,10.8
63787048463995,28.7,13.8,-0.1,0.0,15.0,10.9
63787048465183,29.4,14.5,-0.1,0.0,15.0,11.2
63787048466384,29.8,14.9,-0.1,0.0,15.0,10.6
63787048467571,28.0,13.1,-0.1,0.0,15.0,10.1
63787048468761,29.0,14.1,-0.1,0.0,15.0,10.8
63787048469959,28.1,13.2,-0.1,0.0,15.0,10.0
63787048471146,30.7,15.8,-0.1,0.0,15.0,10.9
63787048472323,29.0,14.1,-0.1,0.0,15.0,9.5
63787048473485,30.3,15.4,-0.1,0.0,15.0,11.3
63787048474682,28.8,13.9,-0.1,0.0,15.0,10.6
63787048475873,28.0,13.1,-0.1,0.0,15.0,8.7
63787048477053,28.8,13.9,-0.1,0.0,15.0,10.9
63787048478229,28.5,13.6,-0.1,0.0,15.0,10.6
63787048479408,28.1,13.2,-0.1,0.0,15.0,9.9
63787048480572,28.4,13.5,-0.1,0.0,15.0,10.2
63787048481772,28.1,13.2,-0.1,0.0,15.0,9.2
63787048482957,29.1,14.2,-0.1,0.0,15.0,11.0
63787048484122,29.1,14.2,-0.1,0.0,15.0,10.7
63787048485321,28.3,13.4,-0.1,0.0,15.0,9.9
63787048486503,28.8,13.9,-0.1,0.0,15.0,10.2
63787048487681,28.4,13.5,-0.1,0.0,15.0,9.8
63787048488868,29.0,14.1,-0.1,0.0,15.0,10.9
63787048490057,29.2,14.3,-0.1,0.0,15.0,11.0
63787048491246,29.1,14.2,-0.1,0.0,15.0,10.3
63787048492438,28.6,13.7,-0.1,0.0,15.0,10.8
63787048493624,28.8,13.9,-0.1,0.0,15.0,10.9
63787048494804,29.8,14.9,-0.1,0.0,15.0,10.5
63787048495978,26.9,12.0,-0.1,0.0,15.0,8.7
63787048497172,28.8,13.9,-0.1,0.0,15.0,10.2
63787048498380,28.0,13.1,-0.1,0.0,15.0,10.3
63787048499565,29.8,14.9,-0.1,0.0,15.0,11.2
63787048500766,27.6,12.7,-0.1,0.0,15.0,9.9
63787048501971,29.4,14.5,-0.1,0.0,15.0,11.2
63787048503164,30.6,15.7,-0.1,0.0,15.0,12.2
63787048504326,29.7,14.8,-0.1,0.0,15.0,11.8
63787048505511,29.0,14.1,-0.1,0.0,15.0,10.8
63787048506685,30.5,15.6,-0.1,0.0,15.0,12.1
63787048507877,30.1,15.2,-0.1,0.0,15.0,11.8
63787048509057,30.1,15.2,-0.1,0.0,15.0,11.8
63787048510229,29.7,14.8,-0.1,0.0,15.0,11.5
63787048511409,30.0,15.1,-0.1,0.0,15.0,11.7
63787048512600,31.2,16.3,-0.1,0.0,15.0,13.3
63787048513778,29.6,14.7,-0.1,0.0,15.0,11.5
63787048514976,30.3,15.4,-0.1,0.0,15.0,11.9
63787048516185,30.0,15.1,-0.1,0.0,15.0,11.5
63787048517380,30.2,15.3,-0.1,0.0,15.0,11.5
63787048518569,28.8,13.9,-0.1,0.0,15.0,10.9
63787048519760,31.4,16.5,-0.1,0.0,15.0,13.8
63787048520951,28.6,13.7,-0.1,0.0,15.0,10.7
63787048522141,29.0,14.1,-0.1,0.0,15.0,11.2
63787048523328,29.5,14.6,-0.1,0.0,15.0,11.2
63787048524496,29.2,14.3,-0.1,0.0,15.0,11.3
63787048525682,29.2,14.3,-0.1,0.0,15.0,11.3
63787048526871,29.6,14.7,-0.1,0.0,15.0,11.7
63787048528072,30.7,15.8,-0.1,0.0,15.0,12.2
63787048529264,29.8,14.9,-0.1,0.0,15.0,12.1
63787048530462,30.3,15.4,-0.1,0.0,15.0,12.0
63787048531649,30.7,15.8,-0.1,0.0,15.0,13.1
63787048532831,30.9,16.0,-0.1,0.0,15.0,12.2
63787048534010,29.2,14.3,-0.1,0.0,15.0,11.5
63787048535192,29.1,14.2,-0.1,0.0,15.0,10.2
63787048536380,29.6,14.7,-0.1,0.0,15.0,11.6
63787048537559,31.9,17.0,-0.1,0.0,15.0,13.1
63787048538773,29.9,15.0,-0.1,0.0,15.0,11.9
63787048539970,30.9,16.0,-0.1,0.0,15.0,13.1
63787048541178,29.4,14.5,-0.1,0.0,15.0,11.2
63787048542379,30.2,15.3,-0.1,0.0,15.0,11.7
63787048543552,29.6,14.7,-0.1,0.0,15.0,11.0
63787048544731,30.3,15.4,-0.1,0.0,15.0,11.4
63787048545919,28.6,13.7,-0.1,0.0,15.0,11.0
63787048547119,29.4,14.5,-0.1,0.0,15.0,11.9
63787048548300,28.8,13.9,-0.1,0.0,15.0,10.3
63787048549475,28.8,13.9,-0.1,0.0,15.0,11.3
63787048550671,30.1,15.2,-0.1,0.0,15.0,11.6
63787048551880,29.9,15.0,-0.1,0.0,15.0,11.4
63787048553070,31.9,17.0,-0.1,0.0,15.0,12.6
63787048554285,30.1,15.2,-0.1,0.0,15.0,11.3
63787048555462,29.4,14.5,-0.1,0.0,15.0,11.8
63787048556657,31.0,16.1,-0.1,0.0,15.0,13.0
63787048557842,29.0,14.1,-0.1,0.0,15.0,10.6
63787048559028,28.5,13.6,-0.1,0.0,15.0,10.0
63787048560222,29.2,14.3,-0.1,0.0,15.0,11.1
63787048561422,29.2,14.3,-0.1,0.0,15.0,11.4
63787048562606,29.7,14.8,-0.1,0.0,15.0,12.4
63787048563793,30.6,15.7,-0.1,0.0,15.0,11.9
63787048564965,28.2,13.3,-0.1,0.0,15.0,10.4
63787048566138,30.0,15.1,-0.1,0.0,15.0,12.4
63787048567328,30.5,15.6,-0.1,0.0,15.0,12.4
63787048568513,29.2,14.3,-0.1,0.0,15.0,11.1
63787048569712,29.5,14.6,-0.1,0.0,15.0,11.0
63787048570891,28.7,13.8,-0.1,0.0,15.0,10.5
63787048572089,26.7,11.8,-0.1,0.0,15.0,9.6
63787048573276,25.5,10.6,-0.1,0.0,15.0,8.9
63787048574477,26.8,11.9,-0.1,0.0,15.0,9.5
63787048575674,26.8,11.9,-0.1,0.0,15.0,10.6
63787048576864,25.5,10.6,-0.1,0.0,15.0,8.7
63787048578066,27.2,12.3,-0.1,0.0,15.0,10.0
63787048579264,24.6,9.7,-0.1,0.0,15.0,8.3
63787048580488,27.4,12.5,-0.1,0.0,15.0,10.7
63787048581687,28.5,13.6,-0.1,0.0,15.0,10.9
63787048582886,26.4,11.5,-0.1,0.0,15.0,9.9
63787048584061,26.5,11.6,-0.1,0.0,15.0,9.0
63787048585267,25.2,10.3,-0.1,0.0,15.0,8.7
63787048586476,26.6,11.7,-0.1,0.0,15.0,8.5
63787048587666,26.4,11.5,-0.1,0.0,15.0,8.7
63787048588844,29.1,14.2,-0.1,0.0,15.0,10.8
63787048590024,29.8,14.9,-0.1,0.0,15.0,10.7
63787048591213,30.9,16.0,-0.1,0.0,15.0,9.6
63787048592374,29.7,14.8,-0.1,0.0,15.0,10.6
63787048593571,27.3,12.4,-0.1,0.0,15.0,9.2
63787048594766,27.7,12.8,-0.1,0.0,15.0,9.1
63787048595956,27.7,12.8,-0.1,0.0,15.0,10.2
63787048597148,29.1,14.2,-0.1,0.0,15.0,10.5
63787048598315,30.0,15.1,-0.1,0.0,15.0,11.3
63787048599482,28.4,13.5,-0.1,0.0,15.0,10.2
63787048600670,28.3,13.4,-0.1,0.0,15.0,10.3
63787048601866,28.2,13.3,-0.1,0.0,15.0,9.9
63787048603070,28.5,13.6,-0.1,0.0,15.0,9.8
63787048604271,29.6,14.7,-0.1,0.0,15.0,9.5
63787048605467,29.2,14.3,-0.1,0.0,15.0,9.8
63787048606680,28.6,13.7,-0.1,0.0,15.0,11.1
63787048607879,28.0,13.1,-0.1,0.0,15.0,9.8
63787048609066,29.6,14.7,-0.1,0.0,15.0,11.5
63787048610274,30.2,15.3,-0.1,0.0,15.0,10.9
63787048611458,29.7,14.8,-0.1,0.0,15.0,10.9
63787048612635,28.5,13.6,-0.1,0.0,15.0,10.7
63787048613825,29.0,14.1,-0.1,0.0,15.0,10.3
63787048615019,28.7,13.8,-0.1,0.0,15.0,9.7
63787048616212,29.4,14.5,-0.1,0.0,15.0,11.2
63787048617388,29.4,14.5,-0.1,0.0,15.0,11.2
63787048618577,29.4,14.5,-0.1,0.0,15.0,10.2
63787048619764,28.9,14.0,-0.1,0.0,15.0,10.5
63787048620966,28.9,14.0,-0.1,0.0,15.0,10.6
63787048622185,29.3,14.4,-0.1,0.0,15.0,11.0
63787048623377,28.6,13.7,-0.1,0.0,15.0,9.9
63787048624575,29.5,14.6,-0.1,0.0,15.0,10.7
63787048625762,28.6,13.7,-0.1,0.0,15.0,10.7
63787048626946,28.6,13.7,-0.1,0.0,15.0,10.4
63787048628126,29.5,14.6,-0.1,0.0,15.0,11.8
63787048629302,28.8,13.9,-0.1,0.0,15.0,10.0
63787048630486,28.0,13.1,-0.1,0.0,15.0,9.9
63787048631684,28.5,13.6,-0.1,0.0,15.0,11.1
63787048632889,27.6,12.7,-0.1,0.0,15.0,10.8
63787048634096,29.7,14.8,-0.1,0.0,15.0,11.4
63787048635297,26.9,12.0,-0.1,0.0,15.0,10.4
63787048636502,27.4,12.5,-0.1,0.0,15.0,10.3
63787048637692,29.2,14.3,-0.1,0.0,15.0,11.9
63787048638881,27.5,12.6,-0.1,0.0,15.0,10.7
63787048640065,26.7,11.8,-0.1,0.0,15.0,10.3
63787048641278,27.2,12.3,-0.1,0.0,15.0,10.6
63787048642476,29.4,14.5,-0.1,0.0,15.0,12.6
63787048643690,27.8,12.9,-0.1,0.0,15.0,11.3
63787048644876,26.8,11.9,-0.1,0.0,15.0,10.3
63787048646075,28.6,13.7,-0.1,0.0,15.0,11.8
63787048647276,27.5,12.6,-0.1,0.0,15.0,10.7
63787048648469,27.6,12.7,-0.1,0.0,15.0,10.7
63787048649682,28.6,13.7,-0.1,0.0,15.0,10.2
63787048650866,28.9,14.0,-0.1,0.0,15.0,9.7
63787048652050,29.6,14.7,-0.1,0.0,15.0,11.4
63787048653219,28.0,13.1,-0.1,0.0,15.0,9.8
63787048654408,30.4,15.5,-0.1,0.0,15.0,12.2
63787048655575,33.1,18.2,-0.1,0.0,15.0,11.5
63787048656758,28.0,13.1,-0.1,0.0,15.0,9.8
63787048657947,28.1,13.2,-0.1,0.0,15.0,8.7
63787048659130,29.7,14.8,-0.1,0.0,15.0,10.7
63787048660308,29.0,14.1,-0.1,0.0,15.0,11.1
63787048661473,27.9,13.0,-0.1,0.0,15.0,9.5
63787048662665,27.2,12.3,-0.1,0.0,15.0,8.7
63787048663858,28.0,13.1,-0.1,0.0,15.0,9.4
63787048665068,29.2,14.3,-0.1,0.0,15.0,10.8
63787048666273,29.4,14.5,-0.1,0.0,15.0,11.2
63787048667457,28.8,13.9,-0.1,0.0,15.0,9.6
63787048668641,28.6,13.7,-0.1,0.0,15.0,10.0
63787048669821,28.3,13.4,-0.1,0.0,15.0,10.5
63787048670986,28.4,13.5,-0.1,0.0,15.0,10.2
63787048672172,29.1,14.2,-0.1,0.0,15.0,10.3
63787048673373,28.1,13.2,-0.1,0.0,15.0,9.9
63787048674557,27.8,12.9,-0.1,0.0,15.0,9.6
63787048675732,30.2,15.3,-0.1,0.0,15.0,10.9
63787048676915,28.4,13.5,-0.1,0.0,15.0,10.1
63787048678111,27.9,13.0,-0.1,0.0,15.0,9.3
63787048679275,29.3,14.4,-0.1,0.0,15.0,10.5
63787048680455,29.1,14.2,-0.1,0.0,15.0,11.1
63787048681631,28.2,13.3,-0.1,0.0,15.0,9.6
63787048682803,28.1,13.2,-0.1,0.0,15.0,9.8
63787048683980,28.5,13.6,-0.1,0.0,15.0,10.7
63787048685143,28.8,13.9,-0.1,0.0,15.0,10.6
63787048686317,28.6,13.7,-0.1,0.0,15.0,8.9
63787048687492,29.2,14.3,-0.1,0.0,15.0,10.5
63787048688671,29.9,15.0,-0.1,0.0,15.0,10.8
63787048689863,28.4,13.5,-0.1,0.0,15.0,10.1
63787048691065,28.1,13.2,-0.1,0.0,15.0,9.7
63787048692279,29.5,14.6,-0.1,0.0,15.0,11.2
63787048693474,28.1,13.2,-0.1,0.0,15.0,10.9
63787048694683,28.6,13.6,-0.1,0.0,15.0,11.6
63787048695881,25.6,10.7,-0.1,0.0,15.0,8.8
